model,threshold,precision_mean,precision_var,recall_mean,recall_var,f1_mean,f1_var,pos_acc_mean,neg_acc_mean,mcc
all-mpnet-base-v2,0.1,0.0017087827228069706,0.0,0.9972121550041818,0.0,0.0034117192604285395,0.0,0.9972121550041818,0.27558867870502646,0.021511065166459436
all-mpnet-base-v2,0.11,0.0018059847696800784,0.0,0.9960970170058545,0.0,0.0036054326695792,0.0,0.9960970170058545,0.31541121972542946,0.023617495778440585
all-mpnet-base-v2,0.12,0.0019168134145771322,0.0,0.9944243100083635,0.0,0.0038262514963893573,0.0,0.9944243100083635,0.35614823329657647,0.025790652433129384
all-mpnet-base-v2,0.13,0.002046992374321618,0.0,0.9935879565096181,0.0,0.004085567652025187,0.0,0.9935879565096181,0.39767977722644426,0.028161636013886045
all-mpnet-base-v2,0.13999999999999999,0.002196851467539977,0.0,0.9924728185112908,0.0,0.004383998896611513,0.0,0.9924728185112908,0.43948136441523156,0.030655179536676087
all-mpnet-base-v2,0.14999999999999997,0.0023678305502107997,0.0,0.9908001115137999,0.0,0.004724370720865328,0.0,0.9908001115137999,0.4809213917592781,0.0332526106655118
all-mpnet-base-v2,0.15999999999999998,0.002566241562125455,0.0,0.9896849735154726,0.0,0.00511920907498776,0.0,0.9896849735154726,0.5216885642052981,0.036051848101324314
all-mpnet-base-v2,0.16999999999999998,0.002791559609607125,0.0,0.9877334820183997,0.0,0.005567384523519568,0.0,0.9877334820183997,0.5612611678833634,0.038956800241678934
all-mpnet-base-v2,0.17999999999999997,0.0030526074067167724,0.0,0.985781990521327,0.0,0.006086367552225113,0.0,0.985781990521327,0.5996780280117017,0.04207041625603969
all-mpnet-base-v2,0.18999999999999995,0.00335477426252889,0.0,0.9849456370225815,0.0,0.006686773040551219,0.0,0.9849456370225815,0.6361546671898827,0.045446402898869066
all-mpnet-base-v2,0.19999999999999996,0.0037040689160327124,0.0,0.9843880680234179,0.0,0.007380366886377674,0.0,0.9843880680234179,0.6707673492394244,0.049069140803460476
all-mpnet-base-v2,0.20999999999999996,0.004101871682652016,0.0,0.9824365765263451,0.0,0.008169633490860743,0.0,0.9824365765263451,0.7034044516579235,0.05283879894960753
all-mpnet-base-v2,0.21999999999999995,0.004563042339431221,0.0,0.981042654028436,0.0,0.009083833796043538,0.0,0.981042654028436,0.7338819013125351,0.0569145694303287
all-mpnet-base-v2,0.22999999999999995,0.005091581782807503,0.0,0.9790911625313633,0.0,0.010130481875754486,0.0,0.9790911625313633,0.7621074883099694,0.06122571909136328
all-mpnet-base-v2,0.23999999999999994,0.005703567413856773,0.0,0.9774184555338723,0.0,0.011340956509081498,0.0,0.9774184555338723,0.788126277635669,0.06587156090966083
all-mpnet-base-v2,0.24999999999999992,0.006404485335558435,0.0,0.9757457485363814,0.0,0.01272544489064298,0.0,0.9757457485363814,0.8117697955748264,0.07081225218780468
all-mpnet-base-v2,0.2599999999999999,0.007187756668744093,0.0,0.9710064120434904,0.0,0.014269882272447,0.0,0.9710064120434904,0.8332280083737676,0.07580135438190531
all-mpnet-base-v2,0.2699999999999999,0.008111932526654493,0.0,0.968497351547254,0.0,0.016089106044992994,0.0,0.968497351547254,0.8527470401837542,0.08138891855321886
all-mpnet-base-v2,0.2799999999999999,0.009172734199720612,0.0,0.9665458600501812,0.0,0.018173002581541323,0.0,0.9665458600501812,0.8701778298990925,0.08737875445512779
all-mpnet-base-v2,0.2899999999999999,0.010370125379596501,0.0,0.9615277390577084,0.0,0.020518952813547625,0.0,0.9615277390577084,0.8859020432811053,0.09349970496988841
all-mpnet-base-v2,0.29999999999999993,0.011742472138968535,0.0,0.9579035405631446,0.0,0.023200540175557057,0.0,0.9579035405631446,0.8997557131135294,0.10010567969885097
all-mpnet-base-v2,0.30999999999999994,0.013321194861380206,0.0,0.9545581265681629,0.0,0.02627570303237268,0.0,0.9545581265681629,0.9120851464768021,0.10719625856747118
all-mpnet-base-v2,0.3199999999999999,0.015117881369825382,0.0,0.951212712573181,0.0,0.029762735519888346,0.0,0.951212712573181,0.9229454613146566,0.11470817621354634
all-mpnet-base-v2,0.32999999999999985,0.017127420535736827,0.0,0.9456370225815445,0.0,0.03364545310268211,0.0,0.9456370225815445,0.9325228106823428,0.12238039306152679
all-mpnet-base-v2,0.33999999999999986,0.01941457071012216,0.0,0.9406189015890717,0.0,0.038043907224283156,0.0,0.9406189015890717,0.9409256971986565,0.13055894431986412
all-mpnet-base-v2,0.34999999999999987,0.02204428562983204,0.0,0.9356007805965988,0.0,0.04307368475094015,0.0,0.9356007805965988,0.9483891520953658,0.13932800648821198
all-mpnet-base-v2,0.3599999999999999,0.024983139752716373,0.0,0.9294675216057987,0.0,0.048658391529295006,0.0,0.9294675216057987,0.9548948027245597,0.1483675494875704
all-mpnet-base-v2,0.3699999999999999,0.02834807125464565,0.0,0.9250069696124895,0.0,0.05501027919623317,0.0,0.9250069696124895,0.960576110773894,0.15817272474758035
all-mpnet-base-v2,0.3799999999999999,0.032021308654696753,0.0,0.9183161416225258,0.0,0.061884722326595025,0.0,0.9183161416225258,0.9654819544198872,0.16795060306839768
all-mpnet-base-v2,0.3899999999999999,0.036260535380048954,0.0,0.9127404516308893,0.0,0.0697501011951682,0.0,0.9127404516308893,0.969835232013611,0.1786167338136127
all-mpnet-base-v2,0.3999999999999998,0.040792393826288714,0.0,0.9018678561471982,0.0,0.07805431228963337,0.0,0.9018678561471982,0.9736303970953191,0.18869011573626585
all-mpnet-base-v2,0.4099999999999998,0.04621292753789949,0.0,0.8957345971563981,0.0,0.08789134627220878,0.0,0.8957345971563981,0.9770123509258948,0.20054025592871103
all-mpnet-base-v2,0.4199999999999998,0.05202378230048022,0.0,0.887928631168107,0.0,0.09828881791109259,0.0,0.887928631168107,0.9798812572298969,0.21218707265787792
all-mpnet-base-v2,0.4299999999999998,0.05858067395670609,0.0,0.8781711736827432,0.0,0.1098345508115553,0.0,0.8781711736827432,0.9824516946687776,0.22423912602984544
all-mpnet-base-v2,0.43999999999999984,0.06571857236438941,0.0,0.8670197936994704,0.0,0.12217638970732665,0.0,0.8670197936994704,0.9846733984510818,0.2362817426473475
all-mpnet-base-v2,0.44999999999999984,0.07374079139970724,0.0,0.8567047672149428,0.0,0.13579319487406097,0.0,0.8567047672149428,0.9866191658609856,0.2490684651597817
all-mpnet-base-v2,0.45999999999999985,0.08283943233103148,0.0,0.8494563702258154,0.0,0.15095741782060493,0.0,0.8494563702258154,0.9883056362777293,0.26313699901651383
all-mpnet-base-v2,0.46999999999999986,0.09280128086704846,0.0,0.8402564817396153,0.0,0.16714265908775822,0.0,0.8402564817396153,0.9897861943763752,0.2772408376303102
all-mpnet-base-v2,0.47999999999999976,0.10337999791572584,0.0,0.829662670755506,0.0,0.18385123864829803,0.0,0.829662670755506,0.9910525204673031,0.2909813927061942
all-mpnet-base-v2,0.48999999999999977,0.1158478979688238,0.0,0.8204627822693058,0.0,0.20302852609430513,0.0,0.8204627822693058,0.9922138104767771,0.30653558755427196
all-mpnet-base-v2,0.4999999999999998,0.12884171255995736,0.0,0.8087538332868692,0.0,0.22227330191931963,0.0,0.8087538332868692,0.9932003870042289,0.3211435616487584
all-mpnet-base-v2,0.5099999999999998,0.14253597122302158,0.0,0.7953721773069418,0.0,0.24174893022073465,0.0,0.7953721773069418,0.994050381960417,0.33514041382133714
all-mpnet-base-v2,0.5199999999999998,0.15886845827439885,0.0,0.7828268748257596,0.0,0.26413319537202523,0.0,0.7828268748257596,0.9948462989340744,0.3511932546770104
all-mpnet-base-v2,0.5299999999999998,0.17619410569105692,0.0,0.7733482018399777,0.0,0.28700015519114375,0.0,0.7733482018399777,0.9955039010677975,0.3677629759141405
all-mpnet-base-v2,0.5399999999999998,0.19408106369290157,0.0,0.7568999163646501,0.0,0.30894401456531634,0.0,0.7568999163646501,0.9960918258009521,0.3819856000567509
all-mpnet-base-v2,0.5499999999999998,0.2125681308111574,0.0,0.7393364928909952,0.0,0.3301998381373342,0.0,0.7393364928909952,0.9965944737155006,0.3952166517709217
all-mpnet-base-v2,0.5599999999999997,0.23272694685903755,0.0,0.724003345413995,0.0,0.3522311135223111,0.0,0.724003345413995,0.9970319507280249,0.4093363430418885
all-mpnet-base-v2,0.5699999999999997,0.2557883131201764,0.0,0.7114580429328129,0.0,0.37629017988793867,0.0,0.7114580429328129,0.9974260960237776,0.4255224733445132
all-mpnet-base-v2,0.5799999999999997,0.27870866845397674,0.0,0.695567326456649,0.0,0.39795836988595584,0.0,0.695567326456649,0.9977616568384555,0.4392878917978679
all-mpnet-base-v2,0.5899999999999997,0.3029247044181705,0.0,0.6785614719821578,0.0,0.41886078127688864,0.0,0.6785614719821578,0.9980583924349062,0.45243122727312435
all-mpnet-base-v2,0.5999999999999998,0.32735054535413505,0.0,0.660998048508503,0.0,0.4378578024007387,0.0,0.660998048508503,0.9983111030071171,0.46427032903944254
all-mpnet-base-v2,0.6099999999999998,0.353754030400737,0.0,0.6423194870365208,0.0,0.45623762376237625,0.0,0.6423194870365208,0.9985409344328727,0.47583783017718084
all-mpnet-base-v2,0.6199999999999998,0.38191724842499575,0.0,0.6253136325620295,0.0,0.47420718816067653,0.0,0.6253136325620295,0.9987416469449579,0.4879000877623985
all-mpnet-base-v2,0.6299999999999997,0.4109537299338999,0.0,0.6066350710900474,0.0,0.48997973429407793,0.0,0.6066350710900474,0.9989187870031195,0.498556162916991
all-mpnet-base-v2,0.6399999999999997,0.4379303150427707,0.0,0.585168664622247,0.0,0.5009546539379475,0.0,0.585168664622247,0.9990661148401424,0.5055221405262712
all-mpnet-base-v2,0.6499999999999997,0.4686994686994687,0.0,0.5656537496515194,0.0,0.5126326427488631,0.0,0.5656537496515194,0.9992026964114059,0.5142399890327297
all-mpnet-base-v2,0.6599999999999997,0.4993643529112637,0.0,0.5475327571787009,0.0,0.5223404255319148,0.0,0.5475327571787009,0.9993174387974166,0.5222736725415019
all-mpnet-base-v2,0.6699999999999997,0.526857779014751,0.0,0.5277390577083915,0.0,0.5272980501392758,0.0,0.5277390577083915,0.9994106886519087,0.5267099629156561
all-mpnet-base-v2,0.6799999999999997,0.5569852941176471,0.0,0.5068302202397547,0.0,0.5307254415413808,0.0,0.5068302202397547,0.9994987387003882,0.5307610785837903
all-mpnet-base-v2,0.6899999999999997,0.586862287429143,0.0,0.49066071926400895,0.0,0.5344670513209839,0.0,0.49066071926400895,0.9995704960233617,0.5360856222530719
all-mpnet-base-v2,0.6999999999999996,0.614028644876974,0.0,0.46612768330080845,0.0,0.5299524564183835,0.0,0.46612768330080845,0.9996356669253859,0.5344931600341774
all-mpnet-base-v2,0.7099999999999996,0.6422240128928284,0.0,0.44438249233342625,0.0,0.5252924699291481,0.0,0.44438249233342625,0.9996921714840559,0.533749686086519
all-mpnet-base-v2,0.7199999999999996,0.6725742135578201,0.0,0.4231948703652077,0.0,0.5195071868583162,0.0,0.4231948703652077,0.9997438228904474,0.533061399765909
all-mpnet-base-v2,0.7299999999999996,0.7001448575567358,0.0,0.4042375243936437,0.0,0.512548603746907,0.0,0.4042375243936437,0.9997847280310795,0.5315778026669816
all-mpnet-base-v2,0.7399999999999997,0.728421052631579,0.0,0.3858377474212434,0.0,0.5044650993256788,0.0,0.3858377474212434,0.9998211266731676,0.5297430470468834
all-mpnet-base-v2,0.7499999999999997,0.7519908987485779,0.0,0.3685531084471703,0.0,0.49466791393826004,0.0,0.3685531084471703,0.9998488589719012,0.5260663945063286
all-mpnet-base-v2,0.7599999999999997,0.7766089108910891,0.0,0.34987454697518816,0.0,0.482413991927734,0.0,0.34987454697518816,0.9998748580019642,0.5208991853855256
all-mpnet-base-v2,0.7699999999999997,0.796875,0.0,0.32701421800947866,0.0,0.4637280094880411,0.0,0.32701421800947866,0.9998963505334828,0.5101308594259699
all-mpnet-base-v2,0.7799999999999997,0.8119030124908155,0.0,0.3080568720379147,0.0,0.44664510913500405,0.0,0.3080568720379147,0.9999112566440521,0.4997754312017355
all-mpnet-base-v2,0.7899999999999996,0.8315789473684211,0.0,0.28631168107053245,0.0,0.4259643301534633,0.0,0.28631168107053245,0.9999278960232924,0.48762382483658556
all-mpnet-base-v2,0.7999999999999996,0.8540540540540541,0.0,0.26428770560356846,0.0,0.40366191185863315,0.0,0.26428770560356846,0.9999438420950643,0.4747910148768461
all-mpnet-base-v2,0.8099999999999996,0.8703517587939699,0.0,0.24142737663785893,0.0,0.3780008729812309,0.0,0.24142737663785893,0.9999552816682918,0.4581051654967254
all-mpnet-base-v2,0.8199999999999996,0.8836158192090395,0.0,0.21800947867298578,0.0,0.34973166368515207,0.0,0.21800947867298578,0.9999642946653804,0.4386266326195722
all-mpnet-base-v2,0.8299999999999996,0.8925925925925926,0.0,0.20156119319765822,0.0,0.3288605867637025,0.0,0.20156119319765822,0.9999698411251271,0.42389293170057996
all-mpnet-base-v2,0.8399999999999996,0.9057665260196905,0.0,0.17953721773069417,0.0,0.2996742671009772,0.0,0.17953721773069417,0.9999767741998106,0.40300720430897174
all-mpnet-base-v2,0.8499999999999996,0.919047619047619,0.0,0.16141622525787566,0.0,0.27460279819777095,0.0,0.16141622525787566,0.9999823206595573,0.38492184383045075
all-mpnet-base-v2,0.8599999999999995,0.923217550274223,0.0,0.14078617228882073,0.0,0.24431543299467828,0.0,0.14078617228882073,0.9999854405431648,0.36029513366120436
all-mpnet-base-v2,0.8699999999999996,0.9354838709677419,0.0,0.12127125731809311,0.0,0.21470878578479763,0.0,0.12127125731809311,0.9999896003879749,0.33660841316739054
all-mpnet-base-v2,0.8799999999999996,0.9485861182519281,0.0,0.10287148034569278,0.0,0.18561368209255533,0.0,0.10287148034569278,0.9999930669253165,0.31218786011935706
all-mpnet-base-v2,0.8899999999999996,0.9506172839506173,0.0,0.08586562587120156,0.0,0.15750447455893635,0.0,0.08586562587120156,0.9999944535402533,0.28552161131805637
all-mpnet-base-v2,0.8999999999999996,0.9583333333333334,0.0,0.07053247839420128,0.0,0.1313944430018177,0.0,0.07053247839420128,0.9999961868089241,0.2598240780972781
all-mpnet-base-v2,0.9099999999999996,0.9590909090909091,0.0,0.058823529411764705,0.0,0.11084843708957184,0.0,0.058823529411764705,0.9999968801163924,0.2373717813849753
all-mpnet-base-v2,0.9199999999999996,0.9709302325581395,0.0,0.04655701143016448,0.0,0.088853418462357,0.0,0.04655701143016448,0.9999982667313292,0.21247775986195733
all-mpnet-base-v2,0.9299999999999996,0.9626865671641791,0.0,0.0359632004460552,0.0,0.06933619994625101,0.0,0.0359632004460552,0.9999982667313292,0.18594774773024927
all-mpnet-base-v2,0.9399999999999996,0.9595959595959596,0.0,0.02648452746027321,0.0,0.05154639175257732,0.0,0.02648452746027321,0.9999986133850634,0.15931445456487722
all-mpnet-base-v2,0.9499999999999995,0.9565217391304348,0.0,0.018399776972400333,0.0,0.036105032822757115,0.0,0.018399776972400333,0.9999989600387975,0.13257587401672286
all-mpnet-base-v2,0.9599999999999995,0.9772727272727273,0.0,0.0119877334820184,0.0,0.023684935279537318,0.0,0.0119877334820184,0.9999996533462658,0.10816763513066599
all-mpnet-base-v2,0.9699999999999995,0.9583333333333334,0.0,0.006412043490381935,0.0,0.012738853503184714,0.0,0.006412043490381935,0.9999996533462658,0.0783366522747005
all-mpnet-base-v2,0.9799999999999995,1.0,0.0,0.0016727069974909396,0.0,0.003339827442248817,0.0,0.0016727069974909396,1.0,0.04087337921702949
all-mpnet-base-v2,0.9899999999999995,0.0,0.0,0.0,0.0,0.0,0.0,0.0,1.0,0.0
dwulff/mpnet-personality,0.1,0.0020318482249216145,0.0,0.995260663507109,0.0,0.0040554172195059884,0.0,0.995260663507109,0.3921596631634996,0.027952772610830224
dwulff/mpnet-personality,0.11,0.0022841638141308136,0.0,0.9941455255087817,0.0,0.004557855430602944,0.0,0.9941455255087817,0.46004590388747896,0.0320976736500479
dwulff/mpnet-personality,0.12,0.0026025802285712615,0.0,0.9933091720100362,0.0,0.005191557999232122,0.0,0.9933091720100362,0.5266571521771761,0.03667478985758402
dwulff/mpnet-personality,0.13,0.002997983634635608,0.0,0.9910788960133816,0.0,0.005977884350218264,0.0,0.9910788960133816,0.5901713960057864,0.041613144929233604
dwulff/mpnet-personality,0.13999999999999999,0.0034839947838496174,0.0,0.9868971285196543,0.0,0.006943477348376226,0.0,0.9868971285196543,0.6490009612708049,0.046898851177462154
dwulff/mpnet-personality,0.14999999999999997,0.004078609291451586,0.0,0.9824365765263451,0.0,0.00812349370164141,0.0,0.9824365765263451,0.7017058483604839,0.05262183724003095
dwulff/mpnet-personality,0.15999999999999998,0.004814294054285174,0.0,0.979369947030945,0.0,0.009581488335431187,0.0,0.979369947030945,0.7482638714358363,0.05897540924073379
dwulff/mpnet-personality,0.16999999999999998,0.005714062199506498,0.0,0.9774184555338723,0.0,0.011361703024008322,0.0,0.9774184555338723,0.7885176497015485,0.0659494707264447
dwulff/mpnet-personality,0.17999999999999997,0.00678699631707355,0.0,0.9740730415388904,0.0,0.013480068287695676,0.0,0.9740730415388904,0.8227510925659067,0.07332680829896887
dwulff/mpnet-personality,0.18999999999999995,0.008061232986981744,0.0,0.9715639810426541,0.0,0.015989795894958282,0.0,0.9715639810426541,0.8513441325215627,0.08123717003644404
dwulff/mpnet-personality,0.19999999999999996,0.009565377623396947,0.0,0.9696124895455812,0.0,0.018943871020452627,0.0,0.9696124895455812,0.87516132398154,0.08968895604782925
dwulff/mpnet-personality,0.20999999999999996,0.011280523577956534,0.0,0.9648731530526903,0.0,0.022300329575804047,0.0,0.9648731530526903,0.8948422430853846,0.09826534516072469
dwulff/mpnet-personality,0.21999999999999995,0.013235000076902963,0.0,0.9595762475606356,0.0,0.026109878439627542,0.0,0.9595762475606356,0.9110396388145413,0.10711941692098902
dwulff/mpnet-personality,0.22999999999999995,0.015472018497778099,0.0,0.9551156955673265,0.0,0.030450761935658766,0.0,0.9551156955673265,0.9244274060282391,0.11642683939175606
dwulff/mpnet-personality,0.23999999999999994,0.017996362773780344,0.0,0.9517702815723446,0.0,0.035324793576557746,0.0,0.9517702815723446,0.9354215292074837,0.12613227302045404
dwulff/mpnet-personality,0.24999999999999992,0.020797801200014725,0.0,0.9450794535823808,0.0,0.040699942972056306,0.0,0.9450794535823808,0.944671290796378,0.13579596164174837
dwulff/mpnet-personality,0.2599999999999999,0.023883542003804333,0.0,0.9381098410928352,0.0,0.046581164044601636,0.0,0.9381098410928352,0.9523257519006157,0.14558436006480496
dwulff/mpnet-personality,0.2699999999999999,0.027310083408899673,0.0,0.9319765821020352,0.0,0.05306517667227531,0.0,0.9319765821020352,0.9587253264871531,0.1557130957917612
dwulff/mpnet-personality,0.2799999999999999,0.031067870340053323,0.0,0.925843323111235,0.0,0.06011839032602596,0.0,0.925843323111235,0.9640956861369359,0.16602228956447604
dwulff/mpnet-personality,0.2899999999999999,0.03508230233598092,0.0,0.9185949261221076,0.0,0.0675835051123486,0.0,0.9185949261221076,0.9685838120332524,0.17615778961075468
dwulff/mpnet-personality,0.29999999999999993,0.03963333414061176,0.0,0.9124616671313075,0.0,0.07596699509104202,0.0,0.9124616671313075,0.9725072389966039,0.18701665173782867
dwulff/mpnet-personality,0.30999999999999994,0.044452356823970855,0.0,0.9049344856425983,0.0,0.08474200159250218,0.0,0.9049344856425983,0.9758118890444594,0.197596994573973
dwulff/mpnet-personality,0.3199999999999999,0.04964517076640022,0.0,0.8951770281572344,0.0,0.09407318430844051,0.0,0.8951770281572344,0.9786918882679551,0.2080072247769925
dwulff/mpnet-personality,0.32999999999999985,0.05534022768749457,0.0,0.8876498466685252,0.0,0.10418507247799483,0.0,0.8876498466685252,0.9811590228940525,0.21898948306107746
dwulff/mpnet-personality,0.33999999999999986,0.06151594966344747,0.0,0.8790075271814887,0.0,0.11498486561394551,0.0,0.8790075271814887,0.9833252620788894,0.2300332685492619
dwulff/mpnet-personality,0.34999999999999987,0.06818132358381754,0.0,0.8734318371898523,0.0,0.12648875610642335,0.0,0.8734318371898523,0.9851569804102508,0.241666262908216
dwulff/mpnet-personality,0.3599999999999999,0.07522886768169787,0.0,0.8636743797044885,0.0,0.1384024303073624,0.0,0.8636743797044885,0.9867983858415522,0.2526539783529963
dwulff/mpnet-personality,0.3699999999999999,0.0830941679753073,0.0,0.8555896292166155,0.0,0.15147701191974533,0.0,0.8555896292166155,0.988260571292287,0.2645103605647597
dwulff/mpnet-personality,0.3799999999999999,0.09100192215281115,0.0,0.8447170337329245,0.0,0.16430333758099938,0.0,0.8447170337329245,0.9895081780815697,0.2752332543694516
dwulff/mpnet-personality,0.3899999999999999,0.09969586577988704,0.0,0.8316141622525788,0.0,0.17804703354422824,0.0,0.8316141622525788,0.9906618417088919,0.2860135744335524
dwulff/mpnet-personality,0.3999999999999998,0.10926330604837216,0.0,0.8224142737663785,0.0,0.19289871182894133,0.0,0.8224142737663785,0.9916633243469131,0.2979388788708177
dwulff/mpnet-personality,0.4099999999999998,0.11936024870127214,0.0,0.8134931697797603,0.0,0.20817578654490976,0.0,0.8134931697797603,0.9925368917570249,0.3098703915060925
dwulff/mpnet-personality,0.4199999999999998,0.13034236352946496,0.0,0.8034569277948146,0.0,0.22429761070900459,0.0,0.8034569277948146,0.993334195345619,0.3219621891309272
dwulff/mpnet-personality,0.4299999999999998,0.1413130105598725,0.0,0.7909116253136326,0.0,0.2397836284494781,0.0,0.7909116253136326,0.99402403627662,0.33274069871220907
dwulff/mpnet-personality,0.43999999999999984,0.15329268962486955,0.0,0.7780875383328687,0.0,0.25612553913921265,0.0,0.7780875383328687,0.9946559860340144,0.34386279100022676
dwulff/mpnet-personality,0.44999999999999984,0.16525245230787747,0.0,0.7655422358516867,0.0,0.27182736091862997,0.0,0.7655422358516867,0.995191566053309,0.3542461557728953
dwulff/mpnet-personality,0.45999999999999985,0.17881496193313473,0.0,0.7529969333705046,0.0,0.2890006419858763,0.0,0.7529969333705046,0.9957001070813385,0.36557811715982824
dwulff/mpnet-personality,0.46999999999999986,0.19249746045566682,0.0,0.7396152773905771,0.0,0.3054867868040762,0.0,0.7396152773905771,0.996142090592407,0.3760217552534505
dwulff/mpnet-personality,0.47999999999999976,0.20786963434022257,0.0,0.7290214664064678,0.0,0.3234984845673285,0.0,0.7290214664064678,0.9965455955389825,0.3880439631877446
dwulff/mpnet-personality,0.48999999999999977,0.22432432432432434,0.0,0.7173125174240312,0.0,0.34176794846250913,0.0,0.7173125174240312,0.9969158217270775,0.3999588047283264
dwulff/mpnet-personality,0.4999999999999998,0.23990498812351543,0.0,0.7039308614441037,0.0,0.3578514739229025,0.0,0.7039308614441037,0.9972267701266292,0.4098200365934579
dwulff/mpnet-personality,0.5099999999999998,0.2566014290152221,0.0,0.690827989963758,0.0,0.37420718816067655,0.0,0.690827989963758,0.9975113728423838,0.41995676165457885
dwulff/mpnet-personality,0.5199999999999998,0.2744365160267301,0.0,0.6754948424867577,0.0,0.3903028350515464,0.0,0.6754948424867577,0.9977793361788982,0.4295333001025545
dwulff/mpnet-personality,0.5299999999999998,0.29240989051543853,0.0,0.6626707555059939,0.0,0.40576988733356095,0.0,0.6626707555059939,0.9980060477210464,0.43921620316590293
dwulff/mpnet-personality,0.5399999999999998,0.30911756864836043,0.0,0.6465012545302481,0.0,0.4182523221210208,0.0,0.6465012545302481,0.9982032936957899,0.4461005861590616
dwulff/mpnet-personality,0.5499999999999998,0.32897793263646924,0.0,0.6317256760524115,0.0,0.4326491646778043,0.0,0.6317256760524115,0.99839776644066,0.4549811256330583
dwulff/mpnet-personality,0.5599999999999997,0.3494869771112865,0.0,0.6172288820741567,0.0,0.4462809917355372,0.0,0.6172288820741567,0.9985714399614798,0.4635955349076367
dwulff/mpnet-personality,0.5699999999999997,0.36952019330341734,0.0,0.5968776136046836,0.0,0.45645453576377787,0.0,0.5968776136046836,0.9987336739090721,0.46881938165725195
dwulff/mpnet-personality,0.5799999999999997,0.39177978883861236,0.0,0.5793141901310287,0.0,0.46743898324148014,0.0,0.5793141901310287,0.9988816950535632,0.4756288754139902
dwulff/mpnet-personality,0.5899999999999997,0.412461695607763,0.0,0.5628659046557012,0.0,0.47606696533836357,0.0,0.5628659046557012,0.9990030238605232,0.48108613246658694
dwulff/mpnet-personality,0.5999999999999998,0.4333407030731815,0.0,0.5464176191803736,0.0,0.4833538840937115,0.0,0.5464176191803736,0.9991115264793188,0.4858932003587667
dwulff/mpnet-personality,0.6099999999999998,0.45674574646537264,0.0,0.5313632562029551,0.0,0.49123711340206183,0.0,0.5313632562029551,0.9992141359846335,0.4919651649870388
dwulff/mpnet-personality,0.6199999999999998,0.4797086368366285,0.0,0.514078617228882,0.0,0.4962992867716324,0.0,0.514078617228882,0.9993066925316573,0.4959487303261717
dwulff/mpnet-personality,0.6299999999999997,0.50723814930457,0.0,0.4981879007527181,0.0,0.5026722925457102,0.0,0.4981879007527181,0.9993982091174786,0.5020798564261149
dwulff/mpnet-personality,0.6399999999999997,0.5275299907720701,0.0,0.4781154167828269,0.0,0.5016086575021936,0.0,0.4781154167828269,0.9994675398643128,0.5016268016499262
dwulff/mpnet-personality,0.6499999999999997,0.5512520868113523,0.0,0.46027320880959016,0.0,0.501671224551808,0.0,0.46027320880959016,0.9995340973812737,0.5031512831695343
dwulff/mpnet-personality,0.6599999999999997,0.5746509129967776,0.0,0.4474491218288263,0.0,0.5031347962382445,0.0,0.4474491218288263,0.9995881753638044,0.5065405517858313
dwulff/mpnet-personality,0.6699999999999997,0.5956136975759908,0.0,0.4315584053526624,0.0,0.5004849660523764,0.0,0.4315584053526624,0.9996356669253859,0.5064784501978297
dwulff/mpnet-personality,0.6799999999999997,0.6203007518796992,0.0,0.4139949818790075,0.0,0.49657247951847516,0.0,0.4139949818790075,0.9996848917556382,0.5062653718571228
dwulff/mpnet-personality,0.6899999999999997,0.6387154326494202,0.0,0.3992194034011709,0.0,0.491336421341568,0.0,0.3992194034011709,0.9997192104753212,0.5044902036992545
dwulff/mpnet-personality,0.6999999999999996,0.6629322942036044,0.0,0.37942570393086145,0.0,0.4826241134751773,0.0,0.37942570393086145,0.9997601156159535,0.5010809132227727
dwulff/mpnet-personality,0.7099999999999996,0.6828631138975967,0.0,0.364371340953443,0.0,0.4751863297582258,0.0,0.364371340953443,0.999789581183358,0.4983817874091297
dwulff/mpnet-personality,0.7199999999999996,0.7052810902896082,0.0,0.34625034848062447,0.0,0.4644727000747943,0.0,0.34625034848062447,0.9998200867119651,0.49375681272611194
dwulff/mpnet-personality,0.7299999999999996,0.7194597912829958,0.0,0.32673543350989687,0.0,0.4493865030674847,0.0,0.32673543350989687,0.9998415792434837,0.4844438200677429
dwulff/mpnet-personality,0.7399999999999997,0.7346128391793514,0.0,0.3094507945358238,0.0,0.43546488819144763,0.0,0.3094507945358238,0.9998609918525972,0.4764021479046053
dwulff/mpnet-personality,0.7499999999999997,0.7536127167630058,0.0,0.29077223306384165,0.0,0.4196338764836049,0.0,0.29077223306384165,0.9998817910766475,0.46774399016549173
dwulff/mpnet-personality,0.7599999999999997,0.7706065318818041,0.0,0.2762754390855868,0.0,0.40673096655037966,0.0,0.2762754390855868,0.9998977371484195,0.46105587488121813
dwulff/mpnet-personality,0.7699999999999997,0.7923728813559322,0.0,0.26066350710900477,0.0,0.39228026012166983,0.0,0.26066350710900477,0.999915069835128,0.45413218446583314
dwulff/mpnet-personality,0.7799999999999997,0.8144712430426716,0.0,0.24477279063284083,0.0,0.3764201500535906,0.0,0.24477279063284083,0.9999306692531658,0.4461774686192086
dwulff/mpnet-personality,0.7899999999999996,0.8360824742268042,0.0,0.22609422916085867,0.0,0.35593592275619923,0.0,0.22609422916085867,0.9999448820562667,0.4344767159029076
dwulff/mpnet-personality,0.7999999999999996,0.8471411901983664,0.0,0.20239754669640367,0.0,0.32673267326732675,0.0,0.20239754669640367,0.9999545883608235,0.4137877840361047
dwulff/mpnet-personality,0.8099999999999996,0.857707509881423,0.0,0.18148870922776694,0.0,0.29958582604693973,0.0,0.18148870922776694,0.9999625613967095,0.39426846402825333
dwulff/mpnet-personality,0.8199999999999996,0.8606676342525399,0.0,0.16531920825202118,0.0,0.27736202057998127,0.0,0.16531920825202118,0.9999667212415195,0.376941474109863
dwulff/mpnet-personality,0.8299999999999996,0.8766666666666667,0.0,0.14664064678003902,0.0,0.2512538810604251,0.0,0.14664064678003902,0.9999743476236713,0.3582974534406158
dwulff/mpnet-personality,0.8399999999999996,0.8897196261682243,0.0,0.13270142180094788,0.0,0.2309558466763707,0.0,0.13270142180094788,0.9999795474296839,0.3433743221845626
dwulff/mpnet-personality,0.8499999999999996,0.907563025210084,0.0,0.12043490381934764,0.0,0.21265075067683978,0.0,0.12043490381934764,0.9999847472356964,0.33038895655427214
dwulff/mpnet-personality,0.8599999999999995,0.9148418491484185,0.0,0.10482297184276554,0.0,0.18809404702351176,0.0,0.10482297184276554,0.999987867119304,0.309465352741527
dwulff/mpnet-personality,0.8699999999999996,0.9255014326647565,0.0,0.09004739336492891,0.0,0.1641260162601626,0.0,0.09004739336492891,0.9999909870029116,0.28849417294333113
dwulff/mpnet-personality,0.8799999999999996,0.9324324324324325,0.0,0.07694452188458321,0.0,0.14215812516095802,0.0,0.07694452188458321,0.9999930669253165,0.2676768518427448
dwulff/mpnet-personality,0.8899999999999996,0.9433198380566802,0.0,0.06495678840256482,0.0,0.12154407929055816,0.0,0.06495678840256482,0.9999951468477216,0.2473762686282748
dwulff/mpnet-personality,0.8999999999999996,0.9423076923076923,0.0,0.05464176191803736,0.0,0.10329380764163373,0.0,0.05464176191803736,0.9999958401551899,0.226762609817759
dwulff/mpnet-personality,0.9099999999999996,0.9515151515151515,0.0,0.04376916643434625,0.0,0.08368869936034115,0.0,0.04376916643434625,0.9999972267701266,0.20394216999357417
dwulff/mpnet-personality,0.9199999999999996,0.9618320610687023,0.0,0.03512684694730973,0.0,0.06777837547068316,0.0,0.03512684694730973,0.9999982667313292,0.18369096032316984
dwulff/mpnet-personality,0.9299999999999996,0.9619047619047619,0.0,0.02815723445776415,0.0,0.05471289274106175,0.0,0.02815723445776415,0.9999986133850634,0.16446659425407775
dwulff/mpnet-personality,0.9399999999999996,0.974025974025974,0.0,0.020908837468636744,0.0,0.04093886462882096,0.0,0.020908837468636744,0.9999993066925317,0.14261715128093141
dwulff/mpnet-personality,0.9499999999999995,0.9795918367346939,0.0,0.013381655979927517,0.0,0.026402640264026403,0.0,0.013381655979927517,0.9999996533462658,0.11441951406348198
dwulff/mpnet-personality,0.9599999999999995,0.96875,0.0,0.008642319487036521,0.0,0.01713180436584692,0.0,0.008642319487036521,0.9999996533462658,0.09143998757956587
dwulff/mpnet-personality,0.9699999999999995,1.0,0.0,0.003345413994981879,0.0,0.0066685190330647405,0.0,0.003345413994981879,1.0,0.05780374726789681
dwulff/mpnet-personality,0.9799999999999995,1.0,0.0,0.0005575689991636465,0.0,0.0011145165784341043,0.0,0.0005575689991636465,1.0,0.02359824015309577
dwulff/mpnet-personality,0.9899999999999995,0.0,0.0,0.0,0.0,0.0,0.0,0.0,1.0,0.0
allenai/scibert_scivocab_uncased,0.1,0.0012419027043496023,0.0,1.0,0.0,0.0024807245901219857,0.0,1.0,0.0,0.0
allenai/scibert_scivocab_uncased,0.11,0.0012419027043496023,0.0,1.0,0.0,0.0024807245901219857,0.0,1.0,0.0,0.0
allenai/scibert_scivocab_uncased,0.12,0.0012419027043496023,0.0,1.0,0.0,0.0024807245901219857,0.0,1.0,0.0,0.0
allenai/scibert_scivocab_uncased,0.13,0.0012419027043496023,0.0,1.0,0.0,0.0024807245901219857,0.0,1.0,0.0,0.0
allenai/scibert_scivocab_uncased,0.13999999999999999,0.0012419027043496023,0.0,1.0,0.0,0.0024807245901219857,0.0,1.0,0.0,0.0
allenai/scibert_scivocab_uncased,0.14999999999999997,0.0012419027043496023,0.0,1.0,0.0,0.0024807245901219857,0.0,1.0,0.0,0.0
allenai/scibert_scivocab_uncased,0.15999999999999998,0.0012419027043496023,0.0,1.0,0.0,0.0024807245901219857,0.0,1.0,0.0,0.0
allenai/scibert_scivocab_uncased,0.16999999999999998,0.0012419027043496023,0.0,1.0,0.0,0.0024807245901219857,0.0,1.0,0.0,0.0
allenai/scibert_scivocab_uncased,0.17999999999999997,0.0012419027043496023,0.0,1.0,0.0,0.0024807245901219857,0.0,1.0,0.0,0.0
allenai/scibert_scivocab_uncased,0.18999999999999995,0.0012419027043496023,0.0,1.0,0.0,0.0024807245901219857,0.0,1.0,0.0,0.0
allenai/scibert_scivocab_uncased,0.19999999999999996,0.0012419027043496023,0.0,1.0,0.0,0.0024807245901219857,0.0,1.0,0.0,0.0
allenai/scibert_scivocab_uncased,0.20999999999999996,0.0012419027043496023,0.0,1.0,0.0,0.0024807245901219857,0.0,1.0,0.0,0.0
allenai/scibert_scivocab_uncased,0.21999999999999995,0.0012419027043496023,0.0,1.0,0.0,0.0024807245901219857,0.0,1.0,0.0,0.0
allenai/scibert_scivocab_uncased,0.22999999999999995,0.0012419027043496023,0.0,1.0,0.0,0.0024807245901219857,0.0,1.0,0.0,0.0
allenai/scibert_scivocab_uncased,0.23999999999999994,0.0012419027043496023,0.0,1.0,0.0,0.0024807245901219857,0.0,1.0,0.0,0.0
allenai/scibert_scivocab_uncased,0.24999999999999992,0.0012419027043496023,0.0,1.0,0.0,0.0024807245901219857,0.0,1.0,0.0,0.0
allenai/scibert_scivocab_uncased,0.2599999999999999,0.0012419027043496023,0.0,1.0,0.0,0.0024807245901219857,0.0,1.0,0.0,0.0
allenai/scibert_scivocab_uncased,0.2699999999999999,0.0012419031343253093,0.0,1.0,0.0,0.0024807254479414197,0.0,1.0,3.466537341713572e-07,2.074874355215229e-05
allenai/scibert_scivocab_uncased,0.2799999999999999,0.0012419039942776166,0.0,1.0,0.0,0.002480727163582068,0.0,1.0,1.0399612025140716e-06,3.593789046808367e-05
allenai/scibert_scivocab_uncased,0.2899999999999999,0.0012419039942776166,0.0,1.0,0.0,0.002480727163582068,0.0,1.0,1.0399612025140716e-06,3.593789046808367e-05
allenai/scibert_scivocab_uncased,0.29999999999999993,0.0012419044242542169,0.0,1.0,0.0,0.0024807280214032817,0.0,1.0,1.3866149366854288e-06,4.149750865541948e-05
allenai/scibert_scivocab_uncased,0.30999999999999994,0.0012419048542311147,0.0,1.0,0.0,0.0024807288792250888,0.0,1.0,1.733268670856786e-06,4.639563315683659e-05
allenai/scibert_scivocab_uncased,0.3199999999999999,0.0012419100139771139,0.0,1.0,0.0,0.0024807391731330483,0.0,1.0,5.893113480913072e-06,8.55494982185721e-05
allenai/scibert_scivocab_uncased,0.32999999999999985,0.0012419203335977361,0.0,1.0,0.0,0.0024807597612052606,0.0,1.0,1.4212803101025644e-05,0.00013285770270701173
allenai/scibert_scivocab_uncased,0.33999999999999986,0.0012419388233469264,0.0,1.0,0.0,0.002480796649022603,0.0,1.0,2.9118913670394003e-05,0.00019016810821204975
allenai/scibert_scivocab_uncased,0.34999999999999987,0.0012419680640740568,0.0,1.0,0.0,0.002480854985484543,0.0,1.0,5.2691367594046295e-05,0.0002558143776338464
allenai/scibert_scivocab_uncased,0.3599999999999999,0.00124201708838231,0.0,1.0,0.0,0.002480952791002725,0.0,1.0,9.220989328958102e-05,0.0003384172914961186
allenai/scibert_scivocab_uncased,0.3699999999999999,0.0012420979439418031,0.0,1.0,0.0,0.002481114101159871,0.0,1.0,0.00015738079531379617,0.0004421338737025156
allenai/scibert_scivocab_uncased,0.3799999999999999,0.001242231722795662,0.0,1.0,0.0,0.0024813809954024927,0.0,1.0,0.00026519010664108827,0.0005739578059762968
allenai/scibert_scivocab_uncased,0.3899999999999999,0.0012424537474337806,0.0,1.0,0.0,0.0024818239434086023,0.0,1.0,0.0004440634334735086,0.000742784138910809
allenai/scibert_scivocab_uncased,0.3999999999999998,0.0012427421536960579,0.0,1.0,0.0,0.0024823993251084967,0.0,1.0,0.0006763214353683179,0.00091678413881373
allenai/scibert_scivocab_uncased,0.4099999999999998,0.0012431168512512091,0.0,1.0,0.0,0.0024831468607956317,0.0,1.0,0.0009779101840973986,0.0011025681969210105
allenai/scibert_scivocab_uncased,0.4199999999999998,0.0012436400828631112,0.0,1.0,0.0,0.002484190726565189,0.0,1.0,0.0013987478173814263,0.0013189157863612191
allenai/scibert_scivocab_uncased,0.4299999999999998,0.001244334669481192,0.0,1.0,0.0,0.002485576450011988,0.0,1.0,0.0019568603293973114,0.0015604451772495758
allenai/scibert_scivocab_uncased,0.43999999999999984,0.0012448445350248779,0.0,0.9997212155004181,0.0,0.0024865927854138383,0.0,0.9997212155004181,0.0026442746842591128,0.0016231457006239663
allenai/scibert_scivocab_uncased,0.44999999999999984,0.001245984687522259,0.0,0.9997212155004181,0.0,0.0024888674195733527,0.0,0.9997212155004181,0.00355805392753481,0.0019407365284953063
allenai/scibert_scivocab_uncased,0.45999999999999985,0.0012467383564412438,0.0,0.9991636465012546,0.0,0.0024903692750690687,0.0,0.9991636465012546,0.004716570707135485,0.0019955579190581944
allenai/scibert_scivocab_uncased,0.46999999999999986,0.0012479001345446768,0.0,0.9986060775020908,0.0,0.0024926853047433045,0.0,0.9986060775020908,0.0061992087281863804,0.0021571643812767086
allenai/scibert_scivocab_uncased,0.47999999999999976,0.0012491745465765148,0.0,0.9977697240033454,0.0,0.0024952251541563207,0.0,0.9977697240033454,0.0080458331701172,0.0022936512665927187
allenai/scibert_scivocab_uncased,0.48999999999999977,0.001252060529902522,0.0,0.9977697240033454,0.0,0.002500982678650979,0.0,0.9977697240033454,0.010335134430584843,0.0028237523855169163
allenai/scibert_scivocab_uncased,0.4999999999999998,0.0012552404006384956,0.0,0.9974909395037636,0.0,0.0025073255882807404,0.0,0.9974909395037636,0.01312119049212004,0.0032860433601431265
allenai/scibert_scivocab_uncased,0.5099999999999998,0.001259287110420152,0.0,0.9972121550041818,0.0,0.002515397757379092,0.0,0.9972121550041818,0.016571435108327558,0.0038045690198498924
allenai/scibert_scivocab_uncased,0.5199999999999998,0.0012640906326464223,0.0,0.9966545860050181,0.0,0.0025249787495669573,0.0,0.9966545860050181,0.020860928414963932,0.004318466505829381
allenai/scibert_scivocab_uncased,0.5299999999999998,0.0012695146550553418,0.0,0.9955394480066908,0.0,0.002535795656482416,0.0,0.9955394480066908,0.026140464786393702,0.004787892949994059
allenai/scibert_scivocab_uncased,0.5399999999999998,0.0012770541853231827,0.0,0.9947030945079454,0.0,0.002550833471253258,0.0,0.9947030945079454,0.03271059301014344,0.005430470489834161
allenai/scibert_scivocab_uncased,0.5499999999999998,0.0012862780764296038,0.0,0.9935879565096181,0.0,0.0025692300816184707,0.0,0.9935879565096181,0.040732507072602814,0.0061179278155309574
allenai/scibert_scivocab_uncased,0.5599999999999997,0.00129921605820838,0.0,0.9933091720100362,0.0,0.0025950378913405267,0.0,0.9933091720100362,0.050563953627436674,0.00705571133687304
allenai/scibert_scivocab_uncased,0.5699999999999997,0.0013136023392979078,0.0,0.9916364650125453,0.0,0.0026237290736030876,0.0,0.9916364650125453,0.06255678621482895,0.007885470440550683
allenai/scibert_scivocab_uncased,0.5799999999999997,0.001332645500164142,0.0,0.9902425425146362,0.0,0.0026617089340350295,0.0,0.9902425425146362,0.07726911734679552,0.008908985344889698
allenai/scibert_scivocab_uncased,0.5899999999999997,0.0013540249050288692,0.0,0.9866183440200725,0.0,0.0027043384037449625,0.0,0.9866183440200725,0.09518175575263206,0.009821498466091644
allenai/scibert_scivocab_uncased,0.5999999999999998,0.0013850431797205222,0.0,0.9852244215221634,0.0,0.002766197597619223,0.0,0.9852244215221634,0.11672247214030602,0.011187335274877313
allenai/scibert_scivocab_uncased,0.6099999999999998,0.0014246141669964384,0.0,0.9835517145246724,0.0,0.0028451073709490184,0.0,0.9835517145246724,0.14274888784815734,0.012721489823038197
allenai/scibert_scivocab_uncased,0.6199999999999998,0.0014701479569298151,0.0,0.9788123780317814,0.0,0.002935886297329773,0.0,0.9788123780317814,0.17334038658131126,0.014162103440289987
allenai/scibert_scivocab_uncased,0.6299999999999997,0.0015270717119703777,0.0,0.9726791190409814,0.0,0.003049356043126232,0.0,0.9726791190409814,0.209187155924503,0.015754126256318612
allenai/scibert_scivocab_uncased,0.6399999999999997,0.0015981726728168462,0.0,0.9651519375522721,0.0,0.0031910613412873285,0.0,0.9651519375522721,0.2502704765760872,0.017521145310396308
allenai/scibert_scivocab_uncased,0.6499999999999997,0.00169209233441334,0.0,0.9587398940618902,0.0,0.0033782224007874334,0.0,0.9587398940618902,0.29665482613061983,0.01969746257868518
allenai/scibert_scivocab_uncased,0.6599999999999997,0.0018062503578570566,0.0,0.9498187900752718,0.0,0.0036056439386924115,0.0,0.9498187900752718,0.3473130695737511,0.021984583572702304
allenai/scibert_scivocab_uncased,0.6699999999999997,0.0019493120993900371,0.0,0.9392249790911625,0.0,0.003890549567553117,0.0,0.9392249790911625,0.40204553435459833,0.02451750115130116
allenai/scibert_scivocab_uncased,0.6799999999999997,0.0021290005226427275,0.0,0.9266796766099805,0.0,0.004248240922803814,0.0,0.9266796766099805,0.45992318846558233,0.02732136789271291
allenai/scibert_scivocab_uncased,0.6899999999999997,0.0023563975762356513,0.0,0.9127404516308893,0.0,0.004700659585526448,0.0,0.9127404516308893,0.5194911261843859,0.03046721172681419
allenai/scibert_scivocab_uncased,0.6999999999999996,0.0026420992589775818,0.0,0.8948982436576526,0.0,0.005268643365366466,0.0,0.8948982436576526,0.5799482307313388,0.033876412551616365
allenai/scibert_scivocab_uncased,0.7099999999999996,0.0030004138501862326,0.0,0.8731530526902704,0.0,0.005980277685754738,0.0,0.8731530526902704,0.6392291391582484,0.03756276592210016
allenai/scibert_scivocab_uncased,0.7199999999999996,0.003467878378823671,0.0,0.8508502927237246,0.0,0.006907602889786163,0.0,0.8508502927237246,0.6959760087883655,0.041840778542743595
allenai/scibert_scivocab_uncased,0.7299999999999996,0.0040878403952955425,0.0,0.827989963758015,0.0,0.00813551522190508,0.0,0.827989963758015,0.7491700242969602,0.04684664169150503
allenai/scibert_scivocab_uncased,0.7399999999999997,0.004904829632452517,0.0,0.8037357122943964,0.0,0.00975015852885225,0.0,0.8037357122943964,0.7972404976145023,0.052571633825938185
allenai/scibert_scivocab_uncased,0.7499999999999997,0.006030260945837293,0.0,0.7819905213270142,0.0,0.011968229790011968,0.0,0.7819905213270142,0.8397249926596072,0.059569010271824076
allenai/scibert_scivocab_uncased,0.7599999999999997,0.007529460088033348,0.0,0.7563423473654864,0.0,0.014910484879295421,0.0,0.7563423473654864,0.8760348913916518,0.06740050493867437
allenai/scibert_scivocab_uncased,0.7699999999999997,0.00950704611905398,0.0,0.7242821299135768,0.0,0.018767743753115317,0.0,0.7242821299135768,0.9061701938106362,0.07586372069082567
allenai/scibert_scivocab_uncased,0.7799999999999997,0.012233638310682103,0.0,0.6911067744633398,0.0,0.024041702024487816,0.0,0.6911067744633398,0.9306141352219953,0.0857287102160597
allenai/scibert_scivocab_uncased,0.7899999999999996,0.01598518579034081,0.0,0.654586005018121,0.0,0.03120825663075768,0.0,0.654586005018121,0.9498953625703404,0.09689968345570844
allenai/scibert_scivocab_uncased,0.7999999999999996,0.021049901043367986,0.0,0.6108168385837748,0.0,0.040697296443862434,0.0,0.6108168385837748,0.9646777177566096,0.1087453564090804
allenai/scibert_scivocab_uncased,0.8099999999999996,0.028157126451095152,0.0,0.5673264566490103,0.0,0.053651463221724226,0.0,0.5673264566490103,0.9756517350192722,0.12243142778233963
allenai/scibert_scivocab_uncased,0.8199999999999996,0.03814730386718041,0.0,0.5271814887092278,0.0,0.07114639376951729,0.0,0.5271814887092278,0.9834715499547096,0.13847363579014318
allenai/scibert_scivocab_uncased,0.8299999999999996,0.05205061473570852,0.0,0.48508502927237246,0.0,0.09401339961097904,0.0,0.48508502927237246,0.9890148898178439,0.15611043374317377
allenai/scibert_scivocab_uncased,0.8399999999999996,0.07165569438846343,0.0,0.4460551993309172,0.0,0.12347584503781447,0.0,0.4460551993309172,0.9928142147443619,0.17647442333837762
allenai/scibert_scivocab_uncased,0.8499999999999996,0.09914229756196394,0.0,0.40925564538611653,0.0,0.15961726649994565,0.0,0.40925564538611653,0.9953759858398883,0.19954378745668544
allenai/scibert_scivocab_uncased,0.8599999999999995,0.13668989909497556,0.0,0.3663228324505158,0.0,0.1990909090909091,0.0,0.3663228324505158,0.9971231206601119,0.2222440463780781
allenai/scibert_scivocab_uncased,0.8699999999999996,0.18516139392966116,0.0,0.32143852801784223,0.0,0.23497045037701242,0.0,0.32143852801784223,0.9982410789528146,0.24273924947434128
allenai/scibert_scivocab_uncased,0.8799999999999996,0.24712503058478102,0.0,0.28157234457764146,0.0,0.26322647902006774,0.0,0.28157234457764146,0.9989333464599547,0.2628104846097605
allenai/scibert_scivocab_uncased,0.8899999999999996,0.32255694342395297,0.0,0.24477279063284083,0.0,0.27833254081470915,0.0,0.24477279063284083,0.999360770514188,0.28021024577762926
allenai/scibert_scivocab_uncased,0.8999999999999996,0.40637227501397427,0.0,0.2026763311959855,0.0,0.27046130952380953,0.0,0.2026763311959855,0.9996318537343101,0.28637735238993245
allenai/scibert_scivocab_uncased,0.9099999999999996,0.49087893864013266,0.0,0.16504042375243935,0.0,0.24702691424994785,0.0,0.16504042375243935,0.9997871546072188,0.28414679174286095
allenai/scibert_scivocab_uncased,0.9199999999999996,0.5863808322824716,0.0,0.1296347923055478,0.0,0.21232876712328766,0.0,0.1296347923055478,0.9998862975751918,0.27533369850881123
allenai/scibert_scivocab_uncased,0.9299999999999996,0.6660117878192534,0.0,0.09450794535823809,0.0,0.16552734375,0.0,0.09450794535823809,0.9999410688651909,0.2505951457307478
allenai/scibert_scivocab_uncased,0.9399999999999996,0.7297297297297297,0.0,0.06774463339838305,0.0,0.1239795918367347,0.0,0.06774463339838305,0.9999688011639246,0.222112810635293
allenai/scibert_scivocab_uncased,0.9499999999999995,0.8148148148148148,0.0,0.04293281293560078,0.0,0.0815677966101695,0.0,0.04293281293560078,0.999987867119304,0.1868726512483117
allenai/scibert_scivocab_uncased,0.9599999999999995,0.7962962962962963,0.0,0.0239754669640368,0.0,0.04654939106901218,0.0,0.0239754669640368,0.9999923736178482,0.13804509958836347
allenai/scibert_scivocab_uncased,0.9699999999999995,0.7105263157894737,0.0,0.007527181488709228,0.0,0.014896551724137931,0.0,0.007527181488709228,0.9999961868089241,0.07304983281335589
allenai/scibert_scivocab_uncased,0.9799999999999995,0.5714285714285714,0.0,0.001115137998327293,0.0,0.0022259321090706734,0.0,0.001115137998327293,0.9999989600387975,0.025204074828831066
allenai/scibert_scivocab_uncased,0.9899999999999995,0.0,0.0,0.0,0.0,0.0,0.0,0.0,0.9999996533462658,-2.074874355215229e-05
bert-base-uncased,0.1,0.0012419044242542169,0.0,1.0,0.0,0.0024807280214032817,0.0,1.0,1.3866149366854288e-06,4.149750865541948e-05
bert-base-uncased,0.11,0.0012419048542311147,0.0,1.0,0.0,0.0024807288792250888,0.0,1.0,1.733268670856786e-06,4.639563315683659e-05
bert-base-uncased,0.12,0.001241906144163595,0.0,1.0,0.0,0.0024807314526940696,0.0,1.0,2.7732298733708575e-06,5.868638018243498e-05
bert-base-uncased,0.13,0.00124190915401647,0.0,1.0,0.0,0.0024807374574757892,0.0,1.0,5.199806012570358e-06,8.035973298935859e-05
bert-base-uncased,0.13999999999999999,0.0012419134538315991,0.0,1.0,0.0,0.0024807460357858164,0.0,1.0,8.666343354283929e-06,0.00010374414878540997
bert-base-uncased,0.14999999999999997,0.0012419199036101196,0.0,1.0,0.0,0.0024807589033620956,0.0,1.0,1.3866149366854288e-05,0.0001312274623892697
bert-base-uncased,0.15999999999999998,0.0012419285034190254,0.0,1.0,0.0,0.0024807760603381174,0.0,1.0,2.0799224050281432e-05,0.00016072071800811186
bert-base-uncased,0.16999999999999998,0.0012419362433488722,0.0,1.0,0.0,0.002480791501819443,0.0,1.0,2.703899126536586e-05,0.00018325038399973802
bert-base-uncased,0.17999999999999997,0.0012419465634054057,0.0,1.0,0.0,0.002480812090760237,0.0,1.0,3.5358680885478434e-05,0.0002095557019321315
bert-base-uncased,0.18999999999999995,0.001241959033702551,0.0,1.0,0.0,0.002480836969519664,0.0,1.0,4.541163917644779e-05,0.00023748556905721664
bert-base-uncased,0.19999999999999996,0.001241980104773677,0.0,1.0,0.0,0.0024808790071780885,0.0,1.0,6.23976721508443e-05,0.00027838223254284596
bert-base-uncased,0.20999999999999996,0.0012420059070590394,0.0,1.0,0.0,0.0024809304838021937,0.0,1.0,8.319689620112573e-05,0.0003214514528366234
bert-base-uncased,0.21999999999999995,0.0012420467628701773,0.0,1.0,0.0,0.0024810119928260228,0.0,1.0,0.00011612900094740466,0.0003797863211097415
bert-base-uncased,0.22999999999999995,0.0012421000944993353,0.0,1.0,0.0,0.002481118391609988,0.0,1.0,0.00015911406398465294,0.0004445622497598179
bert-base-uncased,0.23999999999999994,0.0012421757988693325,0.0,1.0,0.0,0.002481269424908569,0.0,1.0,0.0002201251211988118,0.0005229092639037319
bert-base-uncased,0.24999999999999992,0.0012419262671215087,0.0,0.9997212155004181,0.0,0.002480770740741125,0.0,0.9997212155004181,0.0002977755576531958,3.8766844014967516e-05
bert-base-uncased,0.2599999999999999,0.0012420518724642019,0.0,0.9997212155004181,0.0,0.00248102132841188,0.0,0.9997212155004181,0.00039899844803123214,0.0002120367278589367
bert-base-uncased,0.2699999999999999,0.0012418736946902885,0.0,0.9994424310008364,0.0,0.0024806649981282567,0.0,0.9994424310008364,0.0005341934043580614,-3.56280118795528e-05
bert-base-uncased,0.2799999999999999,0.0012421051829220758,0.0,0.9994424310008364,0.0,0.002481126826067819,0.0,0.9994424310008364,0.0007206931133422516,0.0002141087816124356
bert-base-uncased,0.2899999999999999,0.0012417232887403458,0.0,0.9988848620016727,0.0,0.00248036321433751,0.0,0.9988848620016727,0.0009706304556798001,-0.00016342115189499416
bert-base-uncased,0.29999999999999993,0.0012421188891165356,0.0,0.9988848620016727,0.0,0.002481152451341228,0.0,0.9988848620016727,0.0012892052373832774,0.00017086237890739833
bert-base-uncased,0.30999999999999994,0.0012426427261701667,0.0,0.9988848620016727,0.0,0.0024821975241759667,0.0,0.9988848620016727,0.0017107361781356478,0.0005076931837363883
bert-base-uncased,0.3199999999999999,0.0012429442441306278,0.0,0.9986060775020908,0.0,0.0024827982009070324,0.0,0.9986060775020908,0.0022317567405951977,0.0006254532023765658
bert-base-uncased,0.32999999999999985,0.0012430555555555556,0.0,0.9980485085029273,0.0,0.0024830185459984388,0.0,0.9980485085029273,0.0028782659548247788,0.0006093896125764096
bert-base-uncased,0.33999999999999986,0.001243737871905077,0.0,0.9977697240033454,0.0,0.002484378920888254,0.0,0.9977697240033454,0.0037043418033551228,0.0008547677133229285
bert-base-uncased,0.34999999999999987,0.0012439892118027303,0.0,0.9969333705046,0.0,0.002484877753881753,0.0,0.9969333705046,0.004740836468527481,0.0008585830524958083
bert-base-uncased,0.3599999999999999,0.001244972127463688,0.0,0.9963758015054363,0.0,0.002486836950751026,0.0,0.9963758015054363,0.006083773034707318,0.0011142455936554408
bert-base-uncased,0.3699999999999999,0.001245580717991803,0.0,0.995260663507109,0.0,0.002488047614401405,0.0,0.995260663507109,0.0076818467492372755,0.001187233559287374
bert-base-uncased,0.3799999999999999,0.001247016616749877,0.0,0.9944243100083635,0.0,0.002490909611475363,0.0,0.9944243100083635,0.009658812995216525,0.00147070316275649
bert-base-uncased,0.3899999999999999,0.0012494821571144077,0.0,0.9938667410091999,0.0,0.00249582657890785,0.0,0.9938667410091999,0.012169625991819664,0.0019395542587059974
bert-base-uncased,0.3999999999999998,0.001251178142947894,0.0,0.9921940340117089,0.0,0.0024992047346552413,0.0,0.9921940340117089,0.015170607368541105,0.002122621211653298
bert-base-uncased,0.4099999999999998,0.0012536935088104343,0.0,0.990521327014218,0.0,0.0025042174531904105,0.0,0.990521327014218,0.018805965078796127,0.002418997882641727
bert-base-uncased,0.4199999999999998,0.0012578669850852914,0.0,0.9894061890158907,0.0,0.0025125396898440016,0.0,0.9894061890158907,0.02316652240093763,0.0029444564432319015
bert-base-uncased,0.4299999999999998,0.001261513088732835,0.0,0.9868971285196543,0.0,0.0025198052062449885,0.0,0.9868971285196543,0.028463391459075966,0.0032542301973815376
bert-base-uncased,0.43999999999999984,0.001267930364618753,0.0,0.9855032060217452,0.0,0.0025326023294926377,0.0,0.9855032060217452,0.034752036850678555,0.0038963090543460547
bert-base-uncased,0.44999999999999984,0.0012761004106657413,0.0,0.9841092835238361,0.0,0.0025488956530498115,0.0,0.9841092835238361,0.042296262067449804,0.004622357074876658
bert-base-uncased,0.45999999999999985,0.0012832577012793535,0.0,0.9804850850292723,0.0,0.0025631607408605865,0.0,0.9804850850292723,0.05115187836059129,0.005059381814514613
bert-base-uncased,0.46999999999999986,0.0012937068741319493,0.0,0.9776972400334542,0.0,0.002583994559390982,0.0,0.9776972400334542,0.06150157224801133,0.0057484089019768855
bert-base-uncased,0.47999999999999976,0.0013057503841761291,0.0,0.9740730415388904,0.0,0.0026080047233697453,0.0,0.9740730415388904,0.07361573364236358,0.006433837533927735
bert-base-uncased,0.48999999999999977,0.0013187080076883524,0.0,0.9687761360468358,0.0,0.0026338308178669987,0.0,0.9687761360468358,0.08771830085592273,0.007036020460538798
bert-base-uncased,0.4999999999999998,0.0013390816743234374,0.0,0.9662670755505994,0.0,0.002674457006521786,0.0,0.9662670755505994,0.10394342888381311,0.008105333831766046
bert-base-uncased,0.5099999999999998,0.00136141991522282,0.0,0.9623640925564538,0.0,0.002718993373832052,0.0,0.9623640925564538,0.12222560017027631,0.009098704827952412
bert-base-uncased,0.5199999999999998,0.001388603355024034,0.0,0.9584611095623083,0.0,0.002773188957577791,0.0,0.9584611095623083,0.14292256136897719,0.010205658043600617
bert-base-uncased,0.5299999999999998,0.0014211449264835588,0.0,0.9545581265681629,0.0,0.0028380645460754474,0.0,0.9545581265681629,0.1659854343033976,0.011414400673069943
bert-base-uncased,0.5399999999999998,0.0014557349149950968,0.0,0.9481460830777809,0.0,0.0029070065610650874,0.0,0.9481460830777809,0.19129982324126094,0.012490471402940033
bert-base-uncased,0.5499999999999998,0.0014979241784462006,0.0,0.9422916085865626,0.0,0.0029910935322911996,0.0,0.9422916085865626,0.21896279122813525,0.013737494002601732
bert-base-uncased,0.5599999999999997,0.001544005540173863,0.0,0.9342068580986898,0.0,0.003082915807234502,0.0,0.9342068580986898,0.24880898443282076,0.01491376068543377
bert-base-uncased,0.5699999999999997,0.001599659560866252,0.0,0.9264008921103987,0.0,0.003193804231237962,0.0,0.9264008921103987,0.28104223525101024,0.016257615857245306
bert-base-uncased,0.5799999999999997,0.0016612118907372644,0.0,0.9158070811262894,0.0,0.0033164080423652197,0.0,0.9158070811262894,0.3156407044974509,0.017542643389883344
bert-base-uncased,0.5899999999999997,0.0017368579971622413,0.0,0.9060496236409256,0.0,0.0034670697713120777,0.0,0.9060496236409256,0.3524698905232842,0.019061914808870976
bert-base-uncased,0.5999999999999998,0.0018273760721762378,0.0,0.8960133816559799,0.0,0.0036473136241462604,0.0,0.8960133816559799,0.3914174775186387,0.020744276099405833
bert-base-uncased,0.6099999999999998,0.0019414317495668786,0.0,0.8884862001672706,0.0,0.003874397550631884,0.0,0.8884862001672706,0.43204772173966094,0.022791566610338286
bert-base-uncased,0.6199999999999998,0.002076143244668281,0.0,0.8792863116810705,0.0,0.004142505335741257,0.0,0.8792863116810705,0.474469819112615,0.024951375687597102
bert-base-uncased,0.6299999999999997,0.0022279801297179543,0.0,0.8656258712015612,0.0,0.004444520786186344,0.0,0.8656258712015612,0.517966196407766,0.027035811816831814
bert-base-uncased,0.6399999999999997,0.0024088164260746086,0.0,0.8502927237245609,0.0,0.004804023408982264,0.0,0.8502927237245609,0.5621305754486653,0.029273207480732102
bert-base-uncased,0.6499999999999997,0.0026405843039941914,0.0,0.837468636743797,0.0,0.0052645691342728005,0.0,0.837468636743797,0.6066787001732922,0.03201408595629603
bert-base-uncased,0.6599999999999997,0.0029210196654284658,0.0,0.8229718427655422,0.0,0.005821377193492757,0.0,0.8229718427655422,0.6506929781472952,0.03497714649064885
bert-base-uncased,0.6699999999999997,0.00323768288738656,0.0,0.8009478672985783,0.0,0.006449295695605814,0.0,0.8009478672985783,0.6933882386627763,0.037737369858541155
bert-base-uncased,0.6799999999999997,0.003647494671796999,0.0,0.7819905213270142,0.0,0.007261120775347913,0.0,0.7819905213270142,0.7343883624181594,0.041145470192163434
bert-base-uncased,0.6899999999999997,0.004148279710836924,0.0,0.7605241148592138,0.0,0.00825155132492147,0.0,0.7605241148592138,0.7729785494135832,0.044807091825920325
bert-base-uncased,0.6999999999999996,0.004788386810858721,0.0,0.7410091998884862,0.0,0.009515286031359633,0.0,0.7410091998884862,0.8084963443630463,0.049116723066679996
bert-base-uncased,0.7099999999999996,0.005610001188559574,0.0,0.7237245609144132,0.0,0.011133698738237994,0.0,0.7237245609144132,0.8404876308747842,0.054173000070956254
bert-base-uncased,0.7199999999999996,0.0065799484728118,0.0,0.6991915249512127,0.0,0.0130372064614225,0.0,0.6991915249512127,0.8687395635560156,0.059097694345137695
bert-base-uncased,0.7299999999999996,0.007712976745085152,0.0,0.6674100919988849,0.0,0.015249718924875706,0.0,0.6674100919988849,0.8932334231050953,0.06375561407482347
bert-base-uncased,0.7399999999999997,0.009225578997018076,0.0,0.643434625034848,0.0,0.018190344457974236,0.0,0.643434625034848,0.9140763255258824,0.0698074015783099
bert-base-uncased,0.7499999999999997,0.011072809988576468,0.0,0.6161137440758294,0.0,0.021754645010458963,0.0,0.6161137440758294,0.9315781792567258,0.0760525744630256
bert-base-uncased,0.7599999999999997,0.013484812943391681,0.0,0.592974630610538,0.0,0.02636994792958096,0.0,0.592974630610538,0.9460585990405318,0.08354967986830607
bert-base-uncased,0.7699999999999997,0.016362786348761104,0.0,0.5659325341511012,0.0,0.031805967927676676,0.0,0.5659325341511012,0.957697151511601,0.09095657856115558
bert-base-uncased,0.7799999999999997,0.019712449534481338,0.0,0.5335935321996097,0.0,0.03802032120616192,0.0,0.5335935321996097,0.9670048042741018,0.09781600292277906
bert-base-uncased,0.7899999999999996,0.023845321938223734,0.0,0.5040423752439365,0.0,0.04553640015615359,0.0,0.5040423752439365,0.9743427705190412,0.1053786124848875
bert-base-uncased,0.7999999999999996,0.028401027235250387,0.0,0.4686367437970449,0.0,0.053556352050975704,0.0,0.4686367437970449,0.9800649837090077,0.1115405593355929
bert-base-uncased,0.8099999999999996,0.03402102324769922,0.0,0.43490381934764427,0.0,0.06310551971036185,0.0,0.43490381934764427,0.9846453194986139,0.11821296006966195
bert-base-uncased,0.8199999999999996,0.04021244309559939,0.0,0.39894061890158905,0.0,0.07306052638296787,0.0,0.39894061890158905,0.9881600417093773,0.12358683043679747
bert-base-uncased,0.8299999999999996,0.046925625250282134,0.0,0.3593532199609702,0.0,0.08301133436373004,0.0,0.3593532199609702,0.9909246052393939,0.12710484525725835
bert-base-uncased,0.8399999999999996,0.05556083650190114,0.0,0.32589908001115137,0.0,0.09493645186177772,0.0,0.32589908001115137,0.993111643648281,0.13211917894097908
bert-base-uncased,0.8499999999999996,0.06775597754084915,0.0,0.2994145525508782,0.0,0.11050519600781973,0.0,0.2994145525508782,0.9948774977701499,0.14029462268974682
bert-base-uncased,0.8599999999999995,0.08085106382978724,0.0,0.2648452746027321,0.0,0.12388341918236943,0.0,0.2648452746027321,0.9962561396709494,0.14446788650266923
bert-base-uncased,0.8699999999999996,0.099880810488677,0.0,0.23362141064956787,0.0,0.1399348751774234,0.0,0.23362141064956787,0.9973820709995379,0.1511698145005915
bert-base-uncased,0.8799999999999996,0.12328296703296704,0.0,0.2001672706997491,0.0,0.15258739772606525,0.0,0.2001672706997491,0.998229986033321,0.1557611422210152
bert-base-uncased,0.8899999999999996,0.1559681697612732,0.0,0.16392528575411208,0.0,0.1598477640342531,0.0,0.16392528575411208,0.9988969478178668,0.1588263286261395
bert-base-uncased,0.8999999999999996,0.20653095843935537,0.0,0.13576805129634792,0.0,0.16383515559293524,0.0,0.13576805129634792,0.9993514108633654,0.16661695860340434
bert-base-uncased,0.9099999999999996,0.26525017135023987,0.0,0.1078896013381656,0.0,0.15338882282996433,0.0,0.1078896013381656,0.9996283871969683,0.16852294787466157
bert-base-uncased,0.9199999999999996,0.3384433962264151,0.0,0.08001115137998327,0.0,0.1294250281848929,0.0,0.08001115137998327,0.9998055272551298,0.164079881554712
bert-base-uncased,0.9299999999999996,0.44469525959367945,0.0,0.05492054641761918,0.0,0.0977667493796526,0.0,0.05492054641761918,0.9999147231813938,0.1559506800235271
bert-base-uncased,0.9399999999999996,0.5633187772925764,0.0,0.0359632004460552,0.0,0.06761006289308176,0.0,0.0359632004460552,0.9999653346265829,0.14211333491359876
bert-base-uncased,0.9499999999999995,0.65625,0.0,0.017563423473654863,0.0,0.034211240836274776,0.0,0.017563423473654863,0.9999885604267723,0.10722440818936547
bert-base-uncased,0.9599999999999995,0.717948717948718,0.0,0.007805965988291051,0.0,0.015444015444015444,0.0,0.007805965988291051,0.9999961868089241,0.07477921896856615
bert-base-uncased,0.9699999999999995,0.8461538461538461,0.0,0.0030666294954000556,0.0,0.006111111111111111,0.0,0.0030666294954000556,0.9999993066925317,0.05089653978841606
bert-base-uncased,0.9799999999999995,1.0,0.0,0.0008363534987454698,0.0,0.001671309192200557,0.0,0.0008363534987454698,1.0,0.028901828604617152
bert-base-uncased,0.9899999999999995,0.0,0.0,0.0,0.0,0.0,0.0,0.0,1.0,0.0
